{"cameraMode":{"drawMode":0,"name":"Shaded","section":"Shading Mode"},"sceneLighting":false,"audioPlay":false,"sceneViewState":{"m_AlwaysRefresh":false,"showFog":true,"showSkybox":false,"showFlares":true,"showImageEffects":true,"showParticleSystems":true,"showVisualEffectGraphs":true,"m_FxEnabled":true},"in2DMode":false,"pivot":{"x":-0.8656229972839356,"y":4.195833206176758,"z":-3.250664234161377},"rotation":{"x":0.2113921344280243,"y":-0.0029321867041289808,"z":0.000634176132734865,"w":0.9773969650268555},"size":12.305204391479493,"orthographic":false}