{"cameraMode":{"drawMode":0,"name":"Shaded","section":"Shading Mode"},"sceneLighting":false,"audioPlay":false,"sceneViewState":{"m_AlwaysRefresh":false,"showFog":true,"showSkybox":false,"showFlares":true,"showImageEffects":true,"showParticleSystems":true,"showVisualEffectGraphs":true,"m_FxEnabled":true},"in2DMode":false,"pivot":{"x":-5.970180988311768,"y":-5.722929000854492,"z":15.923084259033204},"rotation":{"x":0.24317148327827454,"y":-0.052348870784044269,"z":0.01314405258744955,"w":0.9684810042381287},"size":24.998889923095704,"orthographic":false}