{"cameraMode":{"drawMode":0,"name":"Shaded","section":"Shading Mode"},"sceneLighting":false,"audioPlay":false,"sceneViewState":{"m_AlwaysRefresh":false,"showFog":true,"showSkybox":false,"showFlares":true,"showImageEffects":true,"showParticleSystems":true,"showVisualEffectGraphs":true,"m_FxEnabled":true},"in2DMode":false,"pivot":{"x":-2.4785103797912599,"y":3.6758596897125246,"z":-0.42817580699920657},"rotation":{"x":-0.19247232377529145,"y":-0.3756381571292877,"z":0.08006536215543747,"w":-0.9030234217643738},"size":1.5240018367767335,"orthographic":false}