{"cameraMode":{"drawMode":0,"name":"Shaded","section":"Shading Mode"},"sceneLighting":false,"audioPlay":false,"sceneViewState":{"m_AlwaysRefresh":false,"showFog":true,"showSkybox":false,"showFlares":true,"showImageEffects":true,"showParticleSystems":true,"showVisualEffectGraphs":true,"m_FxEnabled":true},"in2DMode":false,"pivot":{"x":8.304948806762696,"y":4.053051948547363,"z":-3.260470390319824},"rotation":{"x":0.08674942702054978,"y":0.056753844022750857,"z":-0.004950016271322966,"w":0.9946015477180481},"size":12.305204391479493,"orthographic":false}